18646,hazed,CLG,tarik,CLG,reltuC,CLG,FNS,CLG,nitr0,Denial,FugLy,Denial,jdm64,CLG,ShahZaM,Denial,NAF-FLY,Denial,daps,Denial
20304,tarik,CLG,hazed,CLG,FNS,CLG,reltuC,CLG,jdm64,CLG,DAVEY,SYNRGY,abE,SYNRGY,jasonR,SYNRGY,arya,SYNRGY,focs,SYNRGY
20309,tarik,CLG,FNS,CLG,reltuC,CLG,hazed,CLG,jdm64,CLG,fl0m,Luminosity,anger,Luminosity,LeX,Luminosity,pyth,Luminosity,ptr,Luminosity
20355,tarik,CLG,jdm64,CLG,hazed,CLG,FNS,CLG,reltuC,CLG,feNeK,ACE,decipLe,ACE,PEX,ACE,APE,ACE,mOE,ACE
20577,tarik,CLG,reltuC,CLG,mOE,ACE,APE,ACE,hazed,CLG,jdm64,CLG,FNS,CLG,feNeK,ACE,PEX,ACE,decipLe,ACE
20578,mOE,ACE,hazed,CLG,FNS,CLG,tarik,CLG,reltuC,CLG,PEX,ACE,APE,ACE,decipLe,ACE,jdm64,CLG,feNeK,ACE
20676,jasonR,affNity,jdm64,CLG,focs,affNity,FNS,CLG,DAVEY,affNity,arya,affNity,abE,affNity,tarik,CLG,hazed,CLG,reltuC,CLG
20677,focs,affNity,tarik,CLG,hazed,CLG,DAVEY,affNity,arya,affNity,jdm64,CLG,jasonR,affNity,reltuC,CLG,FNS,CLG,abE,affNity
20729,tarik,CLG,FNS,CLG,hazed,CLG,jdm64,CLG,reltuC,CLG,roca,eLevate,RUSH,eLevate,Storm,eLevate,desi,eLevate,Xp3,eLevate
20781,FNS,CLG,reltuC,CLG,tarik,CLG,streboR,Method,jdm64,CLG,hazed,CLG,just9n,Method,SileNt3m,Method,Eley,Method,MAiNLiNE,Method
20852,steel,Keyd Stars,jdm64,CLG,FalleN,Keyd Stars,zqkS,Keyd Stars,fer,Keyd Stars,FNS,CLG,tarik,CLG,hazed,CLG,reltuC,CLG,boltz,Keyd Stars
21125,jdm64,CLG,FugLy,Liquid,hazed,CLG,tarik,CLG,FNS,CLG,nitr0,Liquid,adreN,Liquid,reltuC,CLG,EliGE,Liquid,flowsicK,Liquid
21126,adreN,Liquid,FNS,CLG,nitr0,Liquid,flowsicK,Liquid,jdm64,CLG,reltuC,CLG,EliGE,Liquid,FugLy,Liquid,tarik,CLG,hazed,CLG
21134,tarik,CLG,seangares,Cloud9,n0thing,Cloud9,Skadoodle,Cloud9,reltuC,CLG,FNS,CLG,shroud,Cloud9,freakazoid,Cloud9,hazed,CLG,jdm64,CLG
21258,Skadoodle,Cloud9,reltuC,CLG,tarik,CLG,n0thing,Cloud9,shroud,Cloud9,freakazoid,Cloud9,jdm64,CLG,FNS,CLG,hazed,CLG,seangares,Cloud9
21288,jdm64,CLG,shroud,Cloud9,Skadoodle,Cloud9,n0thing,Cloud9,desi,Cloud9,tarik,CLG,reltuC,CLG,FNS,CLG,seangares,Cloud9,hazed,CLG
21329,jdm64,CLG,hazed,CLG,reltuC,CLG,FNS,CLG,streboR,Method,tarik,CLG,SileNt3m,Method,just9n,Method,MAiNLiNE,Method,Eley,Method
21332,jdm64,CLG,reltuC,CLG,hazed,CLG,RUSH,eLevate,roca,eLevate,Professor_Chaos,eLevate,FNS,CLG,tarik,CLG,Xp3,eLevate,Storm,eLevate
21335,reltuC,CLG,jdm64,CLG,tarik,CLG,ShahZaM,Tempo Storm,ryx,Tempo Storm,glorinsz,Tempo Storm,hazed,CLG,FNS,CLG,stanislaw,Tempo Storm,hades,Tempo Storm
21424,ShahZaM,Tempo Storm,ryx,Tempo Storm,glorinsz,Tempo Storm,tarik,CLG,hades,Tempo Storm,stanislaw,Tempo Storm,hazed,CLG,reltuC,CLG,FNS,CLG,jdm64,CLG
21426,jdm64,CLG,stanislaw,Tempo Storm,reltuC,CLG,tarik,CLG,FNS,CLG,glorinsz,Tempo Storm,ryx,Tempo Storm,hades,Tempo Storm,hazed,CLG,ShahZaM,Tempo Storm
21484,jdm64,CLG,tarik,CLG,reltuC,CLG,FNS,CLG,hazed,CLG,zecK,mouseSpaz,impsta,mouseSpaz,pauLy,mouseSpaz,dmize,mouseSpaz,fruit,mouseSpaz
21493,tarik,CLG,NAF-FLY,Luminosity,anger,Luminosity,hazed,CLG,reltuC,CLG,ptr,Luminosity,pyth,Luminosity,LeX,Luminosity,FNS,CLG,jdm64,CLG
21495,hazed,CLG,tarik,CLG,reltuC,CLG,jdm64,CLG,FNS,CLG,decipLe,ACE,Maxaki,ACE,PEX,ACE,vEz,ACE,Grt,ACE
21522,hazed,CLG,jdm64,CLG,pyth,Luminosity,reltuC,CLG,ptr,Luminosity,tarik,CLG,FNS,CLG,LeX,Luminosity,anger,Luminosity,NAF-FLY,Luminosity
21598,autimatic,Nihilum,tarik,CLG,jdm64,CLG,hazed,CLG,Hiko,Nihilum,valens,Nihilum,FNS,CLG,SEMPHIS,Nihilum,reltuC,CLG,sancz,Nihilum
21653,pyth,Luminosity,ptr,Luminosity,NAF-FLY,Luminosity,LeX,Luminosity,tarik,CLG,jdm64,CLG,reltuC,CLG,anger,Luminosity,FNS,CLG,hazed,CLG
21684,hazed,CLG,reltuC,CLG,FNS,CLG,jdm64,CLG,tarik,CLG,dmize,mouseSpaz,zecK,mouseSpaz,pauLy,mouseSpaz,fruit,mouseSpaz,impsta,mouseSpaz
21736,jdm64,CLG,reltuC,CLG,tarik,CLG,hazed,CLG,Hiko,Nihilum,SEMPHIS,Nihilum,FNS,CLG,autimatic,Nihilum,valens,Nihilum,sancz,Nihilum
21752,fer,Keyd Stars,zqkS,Keyd Stars,hazed,CLG,FNS,CLG,jdm64,CLG,boltz,Keyd Stars,FalleN,Keyd Stars,reltuC,CLG,steel,Keyd Stars,tarik,CLG
21760,FNS,CLG,tarik,CLG,hazed,CLG,arya,affNity,reltuC,CLG,abE,affNity,focs,affNity,jdm64,CLG,SIDOF,affNity,jasonR,affNity
21764,shroud,Cloud9,seangares,Cloud9,n0thing,Cloud9,Skadoodle,Cloud9,reltuC,CLG,freakazoid,Cloud9,FNS,CLG,tarik,CLG,hazed,CLG,jdm64,CLG
21843,EliGE,Liquid,adreN,Liquid,FugLy,Liquid,nitr0,Liquid,flowsicK,Liquid,tarik,CLG,FNS,CLG,reltuC,CLG,hazed,CLG,jdm64,CLG
21844,jdm64,CLG,FNS,CLG,reltuC,CLG,FugLy,Liquid,hazed,CLG,tarik,CLG,adreN,Liquid,flowsicK,Liquid,nitr0,Liquid,EliGE,Liquid
21861,hazed,CLG,olofmeister,fnatic,jdm64,CLG,JW,fnatic,flusha,fnatic,tarik,CLG,reltuC,CLG,FNS,CLG,pronax,fnatic,KRIMZ,fnatic
21865,reltuC,CLG,tarik,CLG,FNS,CLG,boltz,Keyd Stars,jdm64,CLG,FalleN,Keyd Stars,fer,Keyd Stars,hazed,CLG,steel,Keyd Stars,zqkS,Keyd Stars
21872,n0thing,Cloud9,tarik,CLG,Skadoodle,Cloud9,seangares,Cloud9,freakazoid,Cloud9,FNS,CLG,shroud,Cloud9,reltuC,CLG,hazed,CLG,jdm64,CLG
21873,shroud,Cloud9,Skadoodle,Cloud9,FNS,CLG,n0thing,Cloud9,seangares,Cloud9,freakazoid,Cloud9,jdm64,CLG,tarik,CLG,reltuC,CLG,hazed,CLG
21907,jks,Renegades,jdm64,CLG,reltuC,CLG,hazed,CLG,tarik,CLG,AZR,Renegades,FNS,CLG,yam,Renegades,Havoc,Renegades,SPUNJ,Renegades
21909,hazed,CLG,jdm64,CLG,reltuC,CLG,tarik,CLG,deviaNt,Bravado,Detrony,Bravado,FNS,CLG,Flarez,Bravado,racno,Bravado,LighteRTZ,Bravado
21915,NBK-,EnVyUs,Happy,EnVyUs,tarik,CLG,SmithZz,EnVyUs,kioShiMa,EnVyUs,shox,EnVyUs,jdm64,CLG,FNS,CLG,reltuC,CLG,hazed,CLG
21998,Skadoodle,Cloud9,shroud,Cloud9,tarik,CLG,n0thing,Cloud9,freakazoid,Cloud9,jdm64,CLG,seangares,Cloud9,reltuC,CLG,sancz,CLG,hazed,CLG
22027,jdm64,CLG,tarik,CLG,hazed,CLG,sancz,CLG,EliGE,Liquid,reltuC,CLG,flowsicK,Liquid,FugLy,Liquid,adreN,Liquid,nitr0,Liquid
22028,nitr0,Liquid,EliGE,Liquid,FugLy,Liquid,flowsicK,Liquid,adreN,Liquid,tarik,CLG,jdm64,CLG,sancz,CLG,reltuC,CLG,hazed,CLG
22029,tarik,CLG,jdm64,CLG,nitr0,Liquid,hazed,CLG,FugLy,Liquid,reltuC,CLG,EliGE,Liquid,adreN,Liquid,sancz,CLG,flowsicK,Liquid
22036,reltuC,CLG,shroud,Cloud9,freakazoid,Cloud9,Skadoodle,Cloud9,jdm64,CLG,n0thing,Cloud9,sancz,CLG,tarik,CLG,seangares,Cloud9,hazed,CLG
22037,shroud,Cloud9,freakazoid,Cloud9,seangares,Cloud9,reltuC,CLG,Skadoodle,Cloud9,n0thing,Cloud9,tarik,CLG,sancz,CLG,jdm64,CLG,hazed,CLG
22105,tarik,CLG,Xp3,eLevate,jdm64,CLG,FNS,CLG,reltuC,CLG,NAF-FLY,eLevate,hazed,CLG,RUSH,eLevate,daps,eLevate,aKis,eLevate
22109,jdm64,CLG,tarik,CLG,hazed,CLG,anger,Mythic,FNS,CLG,reltuC,CLG,ptr,Mythic,pyth,Mythic,LeX,Mythic,Devilwalk,Mythic
22141,tarik,CLG,reltuC,CLG,adreN,Liquid,jdm64,CLG,hazed,CLG,FNS,CLG,EliGE,Liquid,nitr0,Liquid,FugLy,Liquid,flowsicK,Liquid
22142,hazed,CLG,EliGE,Liquid,tarik,CLG,FNS,CLG,nitr0,Liquid,FugLy,Liquid,jdm64,CLG,flowsicK,Liquid,adreN,Liquid,reltuC,CLG
22147,jdm64,CLG,NiKo,SK,tarik,CLG,SandeN,SK,AcilioN,SK,FNS,CLG,BERRY,SK,reltuC,CLG,cadiaN,SK,hazed,CLG
22150,device,TSM,tarik,CLG,Xyp9x,TSM,cajunb,TSM,karrigan,TSM,dupreeh,TSM,jdm64,CLG,FNS,CLG,reltuC,CLG,hazed,CLG
22152,Happy,EnVyUs,jdm64,CLG,reltuC,CLG,NBK-,EnVyUs,kioShiMa,EnVyUs,FNS,CLG,tarik,CLG,hazed,CLG,kennyS,EnVyUs,apEX,EnVyUs
22157,device,TSM,karrigan,TSM,cajunb,TSM,Xyp9x,TSM,tarik,CLG,dupreeh,TSM,FNS,CLG,jdm64,CLG,hazed,CLG,reltuC,CLG
22238,f0rest,NiP,allu,NiP,Xizt,NiP,tarik,CLG,friberg,NiP,reltuC,CLG,GeT_RiGhT,NiP,FNS,CLG,jdm64,CLG,hazed,CLG
22256,peet,eBettle,Hyper,eBettle,hazed,CLG,tarik,CLG,GruBy,eBettle,jdm64,CLG,FNS,CLG,rallen,eBettle,reltuC,CLG,Furlan,eBettle
22257,jdm64,CLG,tarik,CLG,flamie,Natus Vincere,Edward,Natus Vincere,Zeus,Natus Vincere,seized,Natus Vincere,GuardiaN,Natus Vincere,FNS,CLG,hazed,CLG,reltuC,CLG
22430,nitr0,Liquid,desi,Liquid,tarik,CLG,FNS,CLG,FugLy,Liquid,adreN,Liquid,jdm64,CLG,reltuC,CLG,EliGE,Liquid,hazed,CLG
22431,hazed,CLG,tarik,CLG,EliGE,Liquid,jdm64,CLG,reltuC,CLG,FugLy,Liquid,desi,Liquid,nitr0,Liquid,FNS,CLG,adreN,Liquid
22432,EliGE,Liquid,FugLy,Liquid,jdm64,CLG,tarik,CLG,reltuC,CLG,FNS,CLG,adreN,Liquid,hazed,CLG,nitr0,Liquid,desi,Liquid
22782,hazed,CLG,jdm64,CLG,tarik,CLG,FNS,CLG,sancz,compLexity,reltuC,CLG,autimatic,compLexity,roca,compLexity,valens,compLexity,SEMPHIS,compLexity
22783,SEMPHIS,compLexity,valens,compLexity,jdm64,CLG,autimatic,compLexity,FNS,CLG,sancz,compLexity,hazed,CLG,tarik,CLG,reltuC,CLG,roca,compLexity
22784,RUSH,Conquest,ryx,Conquest,ShahZaM,Conquest,reltuC,CLG,NAF-FLY,Conquest,jdm64,CLG,tarik,CLG,hazed,CLG,FNS,CLG,daps,Conquest
22785,jdm64,CLG,FNS,CLG,tarik,CLG,ryx,Conquest,NAF-FLY,Conquest,ShahZaM,Conquest,hazed,CLG,reltuC,CLG,RUSH,Conquest,daps,Conquest
22835,hazed,CLG,draek,Coast,tarik,CLG,DUM0RE,Coast,jdm64,CLG,inVert,Coast,draWsouL,Coast,reltuC,CLG,stanislaw,Coast,FNS,CLG
22836,hazed,CLG,FNS,CLG,jdm64,CLG,reltuC,CLG,draWsouL,Coast,draek,Coast,DUM0RE,Coast,tarik,CLG,stanislaw,Coast,inVert,Coast
22992,hazed,CLG,reltuC,CLG,FNS,CLG,tarik,CLG,jdm64,CLG,spyro,BitterSweetGG,StealthyMike,BitterSweetGG,syN,BitterSweetGG,ironmaN,BitterSweetGG,DeKa,BitterSweetGG
22994,tarik,CLG,jdm64,CLG,FNS,CLG,hazed,CLG,reltuC,CLG,n0swal,ACE,saV,ACE,PEX,ACE,feNeK,ACE,fruit,ACE
23033,tarik,CLG,hazed,CLG,jdm64,CLG,reltuC,CLG,FNS,CLG,Uber,Enemy,koosta,Enemy,Relyks,Enemy,MAiNLiNE,Enemy,Anomaly,Enemy
23034,tarik,CLG,reltuC,CLG,hazed,CLG,FNS,CLG,jdm64,CLG,Anomaly,Enemy,Relyks,Enemy,koosta,Enemy,Uber,Enemy,MAiNLiNE,Enemy
23044,tarik,CLG,FNS,CLG,reltuC,CLG,jdm64,CLG,hazed,CLG,SHOOWTiME,Games Academy,fnx,Games Academy,TACO,Games Academy,lucas,Games Academy,hen1,Games Academy
23045,tarik,CLG,hazed,CLG,FNS,CLG,jdm64,CLG,reltuC,CLG,TACO,Games Academy,SHOOWTiME,Games Academy,hen1,Games Academy,fnx,Games Academy,lucas,Games Academy
23127,tarik,CLG,hazed,CLG,jdm64,CLG,reltuC,CLG,FNS,CLG,coldzera,Luminosity,boltz,Luminosity,steel,Luminosity,fer,Luminosity,FalleN,Luminosity
23128,coldzera,Luminosity,steel,Luminosity,fer,Luminosity,FalleN,Luminosity,boltz,Luminosity,tarik,CLG,FNS,CLG,jdm64,CLG,reltuC,CLG,hazed,CLG
23129,jdm64,CLG,FNS,CLG,hazed,CLG,tarik,CLG,reltuC,CLG,FalleN,Luminosity,fer,Luminosity,coldzera,Luminosity,steel,Luminosity,boltz,Luminosity
23138,hazed,CLG,FNS,CLG,tarik,CLG,reltuC,CLG,jdm64,CLG,FalleN,Luminosity,coldzera,Luminosity,fer,Luminosity,boltz,Luminosity,steel,Luminosity
23139,coldzera,Luminosity,boltz,Luminosity,fer,Luminosity,tarik,CLG,steel,Luminosity,FalleN,Luminosity,hazed,CLG,jdm64,CLG,reltuC,CLG,FNS,CLG
23140,jdm64,CLG,reltuC,CLG,hazed,CLG,tarik,CLG,FNS,CLG,FalleN,Luminosity,coldzera,Luminosity,boltz,Luminosity,steel,Luminosity,fer,Luminosity
23231,shinobi,Mortality,SicK,Mortality,vice,Mortality,jdm64,CLG,FNS,CLG,reltuC,CLG,f0bless,Mortality,hazed,CLG,witmer,Mortality,tarik,CLG
23232,reltuC,CLG,hazed,CLG,tarik,CLG,jdm64,CLG,witmer,Mortality,SicK,Mortality,FNS,CLG,f0bless,Mortality,shinobi,Mortality,vice,Mortality
23233,jdm64,CLG,FNS,CLG,tarik,CLG,reltuC,CLG,hazed,CLG,FugLy,Liquid,Hiko,Liquid,EliGE,Liquid,nitr0,Liquid,adreN,Liquid
23234,tarik,CLG,FugLy,Liquid,adreN,Liquid,FNS,CLG,jdm64,CLG,hazed,CLG,EliGE,Liquid,reltuC,CLG,Hiko,Liquid,nitr0,Liquid
23260,FalleN,Luminosity,reltuC,CLG,coldzera,Luminosity,tarik,CLG,boltz,Luminosity,fer,Luminosity,jdm64,CLG,FNS,CLG,hazed,CLG,steel,Luminosity
23261,fer,Luminosity,hazed,CLG,tarik,CLG,reltuC,CLG,steel,Luminosity,boltz,Luminosity,jdm64,CLG,coldzera,Luminosity,FNS,CLG,FalleN,Luminosity
23262,FalleN,Luminosity,coldzera,Luminosity,fer,Luminosity,boltz,Luminosity,steel,Luminosity,hazed,CLG,jdm64,CLG,tarik,CLG,FNS,CLG,reltuC,CLG
23298,tarik,CLG,hazed,CLG,jdm64,CLG,FNS,CLG,reltuC,CLG,FugLy,Liquid,Hiko,Liquid,EliGE,Liquid,adreN,Liquid,nitr0,Liquid
23299,nitr0,Liquid,FugLy,Liquid,EliGE,Liquid,Hiko,Liquid,adreN,Liquid,tarik,CLG,FNS,CLG,jdm64,CLG,reltuC,CLG,hazed,CLG
23300,FNS,CLG,tarik,CLG,hazed,CLG,Hiko,Liquid,FugLy,Liquid,jdm64,CLG,reltuC,CLG,nitr0,Liquid,adreN,Liquid,EliGE,Liquid
23301,jdm64,CLG,nitr0,Liquid,hazed,CLG,reltuC,CLG,tarik,CLG,adreN,Liquid,Hiko,Liquid,EliGE,Liquid,FNS,CLG,FugLy,Liquid
23302,tarik,CLG,FNS,CLG,adreN,Liquid,FugLy,Liquid,hazed,CLG,nitr0,Liquid,jdm64,CLG,reltuC,CLG,EliGE,Liquid,Hiko,Liquid
23373,reltuC,CLG,hazed,CLG,roca,compLexity,sancz,compLexity,tarik,CLG,FNS,CLG,SEMPHIS,compLexity,jdm64,CLG,autimatic,compLexity,valens,compLexity
23374,FNS,CLG,jdm64,CLG,reltuC,CLG,tarik,CLG,hazed,CLG,autimatic,compLexity,SEMPHIS,compLexity,roca,compLexity,valens,compLexity,sancz,compLexity
23436,nitr0,Liquid,Hiko,Liquid,EliGE,Liquid,adreN,Liquid,jdm64,CLG,FugLy,Liquid,tarik,CLG,hazed,CLG,reltuC,CLG,FNS,CLG
23437,jdm64,CLG,nitr0,Liquid,hazed,CLG,adreN,Liquid,FNS,CLG,tarik,CLG,reltuC,CLG,FugLy,Liquid,EliGE,Liquid,Hiko,Liquid
23453,hazed,CLG,ryx,Conquest,jdm64,CLG,ShahZaM,Conquest,reltuC,CLG,daps,Conquest,RUSH,Conquest,FNS,CLG,tarik,CLG,NAF-FLY,Conquest
23454,ryx,Conquest,RUSH,Conquest,NAF-FLY,Conquest,daps,Conquest,hazed,CLG,jdm64,CLG,reltuC,CLG,FNS,CLG,tarik,CLG,ShahZaM,Conquest
23455,jdm64,CLG,ShahZaM,Conquest,RUSH,Conquest,FNS,CLG,tarik,CLG,ryx,Conquest,daps,Conquest,NAF-FLY,Conquest,reltuC,CLG,hazed,CLG
23595,SEMPHIS,compLexity,sancz,compLexity,autimatic,compLexity,roca,compLexity,tarik,CLG,valens,compLexity,jdm64,CLG,hazed,CLG,reltuC,CLG,FNS,CLG
23596,jdm64,CLG,reltuC,CLG,FNS,CLG,Toy,Method,just9n,Method,tarik,CLG,streboR,Method,hazed,CLG,SileNt3m,Method,Eley,Method
23632,FalleN,Luminosity,coldzera,Luminosity,fer,Luminosity,reltuC,CLG,steel,Luminosity,hazed,CLG,boltz,Luminosity,jdm64,CLG,tarik,CLG,FNS,CLG
23633,FalleN,Luminosity,tarik,CLG,reltuC,CLG,jdm64,CLG,steel,Luminosity,fer,Luminosity,FNS,CLG,hazed,CLG,coldzera,Luminosity,boltz,Luminosity
23659,hazed,CLG,ryx,Conquest,jdm64,CLG,tarik,CLG,reltuC,CLG,NAF-FLY,Conquest,FNS,CLG,ShahZaM,Conquest,RUSH,Conquest,daps,Conquest
23709,jdm64,CLG,hazed,CLG,tarik,CLG,reltuC,CLG,FNS,CLG,inVert,Coast,draWsouL,Coast,draek,Coast,stanislaw,Coast,DUM0RE,Coast
23745,tarik,CLG,jdm64,CLG,hazed,CLG,reltuC,CLG,koosta,Enemy,FNS,CLG,Relyks,Enemy,MAiNLiNE,Enemy,Anomaly,Enemy,Uber,Enemy
23762,reltuC,CLG,jdm64,CLG,hazed,CLG,FNS,CLG,tarik,CLG,wabbit,Splyce,hades,Splyce,OCEAN,Splyce,APE,Splyce,els,Splyce
23763,tarik,CLG,reltuC,CLG,hazed,CLG,jdm64,CLG,OCEAN,Splyce,FNS,CLG,APE,Splyce,wabbit,Splyce,hades,Splyce,els,Splyce
23766,rooRoooo,ex-eLevate,Stewie2K,ex-eLevate,ptr,ex-eLevate,aKis,ex-eLevate,FNS,CLG,reltuC,CLG,tarik,CLG,hazed,CLG,Slemmy,ex-eLevate,jdm64,CLG
23767,tarik,CLG,FNS,CLG,hazed,CLG,ptr,ex-eLevate,jdm64,CLG,reltuC,CLG,Stewie2K,ex-eLevate,rooRoooo,ex-eLevate,aKis,ex-eLevate,Slemmy,ex-eLevate
23768,Stewie2K,ex-eLevate,ptr,ex-eLevate,hazed,CLG,jdm64,CLG,aKis,ex-eLevate,rooRoooo,ex-eLevate,Slemmy,ex-eLevate,tarik,CLG,FNS,CLG,reltuC,CLG
23881,hazed,CLG,reltuC,CLG,jdm64,CLG,FNS,CLG,oskarish,CSGL,innocent,CSGL,tarik,CLG,SZPERO,CSGL,Loord,CSGL,MICHU,CSGL
23882,hazed,CLG,jdm64,CLG,tarik,CLG,SZPERO,CSGL,reltuC,CLG,FNS,CLG,innocent,CSGL,oskarish,CSGL,Loord,CSGL,MICHU,CSGL
23883,reltuC,CLG,jdm64,CLG,bondik,FlipSid3,DavCost,FlipSid3,tarik,CLG,markeloff,FlipSid3,hazed,CLG,FNS,CLG,B1ad3,FlipSid3,WorldEdit,FlipSid3
23884,jdm64,CLG,reltuC,CLG,B1ad3,FlipSid3,WorldEdit,FlipSid3,FNS,CLG,hazed,CLG,tarik,CLG,DavCost,FlipSid3,markeloff,FlipSid3,bondik,FlipSid3
24088,jdm64,CLG,tarik,CLG,FNS,CLG,reltuC,CLG,hazed,CLG,Anomaly,Enemy,koosta,Enemy,MAiNLiNE,Enemy,Relyks,Enemy,Uber,Enemy
24089,reltuC,CLG,tarik,CLG,jdm64,CLG,hazed,CLG,FNS,CLG,koosta,Enemy,MAiNLiNE,Enemy,Relyks,Enemy,Uber,Enemy,Anomaly,Enemy
24141,tarik,CLG,jdm64,CLG,reltuC,CLG,cJ,ACE,FNS,CLG,hazed,CLG,feNeK,ACE,saV,ACE,Marved,ACE,n0swal,ACE
24206,streboR,Method,FNS,CLG,reltuC,CLG,Toy,Method,hazed,CLG,jdm64,CLG,Eley,Method,just9n,Method,SileNt3m,Method,tarik,CLG
24207,jdm64,CLG,Toy,Method,hazed,CLG,tarik,CLG,FNS,CLG,just9n,Method,SileNt3m,Method,streboR,Method,reltuC,CLG,Eley,Method
24208,tarik,CLG,jdm64,CLG,hazed,CLG,reltuC,CLG,DAVEY,3sUP,FNS,CLG,jasonR,3sUP,abE,3sUP,arya,3sUP,kiko,3sUP
24209,tarik,CLG,reltuC,CLG,hazed,CLG,jdm64,CLG,FNS,CLG,jasonR,3sUP,DAVEY,3sUP,kiko,3sUP,abE,3sUP,arya,3sUP
24420,FNS,CLG,tarik,CLG,jdm64,CLG,pyth,Winterfox,reltuC,CLG,hazed,CLG,LeX,Winterfox,Devilwalk,Winterfox,anger,Winterfox,Xp3,Winterfox
24530,SmithZz,France,apEX,France,NBK-,France,shox,France,Happy,France,jdm64,USA,anger,USA,mOE,USA,RUSH,USA,tarik,USA
24534,chrisJ,Netherlands,mikeS,Netherlands,anger,USA,kajsk1ng,Netherlands,tarik,USA,luosrevo,Netherlands,CRUC1AL,Netherlands,mOE,USA,jdm64,USA,RUSH,USA
24662,jdm64,CLG,DAVEY,Method,FNS,CLG,reltuC,CLG,hazed,CLG,tarik,CLG,SileNt3m,Method,Toy,Method,just9n,Method,Eley,Method
24727,jdm64,CLG,reltuC,CLG,tarik,CLG,FNS,CLG,hazed,CLG,desi,Splyce,els,Splyce,wabbit,Splyce,OCEAN,Splyce,hades,Splyce
24729,hazed,CLG,FNS,CLG,tarik,CLG,desi,Splyce,reltuC,CLG,jdm64,CLG,hades,Splyce,wabbit,Splyce,OCEAN,Splyce,els,Splyce
24779,Hiko,Liquid,jdm64,CLG,FNS,CLG,EliGE,Liquid,FugLy,Liquid,reltuC,CLG,hazed,CLG,nitr0,Liquid,tarik,CLG,adreN,Liquid
24780,FugLy,Liquid,reltuC,CLG,Hiko,Liquid,EliGE,Liquid,hazed,CLG,tarik,CLG,adreN,Liquid,nitr0,Liquid,jdm64,CLG,FNS,CLG
24782,tarik,CLG,mOE,3sUP,arya,3sUP,Professor_Chaos,3sUP,abE,3sUP,FNS,CLG,jasonR,3sUP,reltuC,CLG,jdm64,CLG,hazed,CLG
24784,hazed,CLG,jdm64,CLG,tarik,CLG,FNS,CLG,pyth,Winterfox,anger,Winterfox,reltuC,CLG,Devilwalk,Winterfox,LeX,Winterfox,Xp3,Winterfox
24978,wabbit,Splyce,hazed,CLG,els,Splyce,FNS,CLG,reltuC,CLG,tarik,CLG,desi,Splyce,hades,Splyce,jdm64,CLG,OCEAN,Splyce
25105,jdm64,CLG,FNS,CLG,tarik,CLG,hazed,CLG,sancz,compLexity,SEMPHIS,compLexity,roca,compLexity,autimatic,compLexity,reltuC,CLG,valens,compLexity
25106,autimatic,compLexity,SEMPHIS,compLexity,tarik,CLG,roca,compLexity,jdm64,CLG,reltuC,CLG,sancz,compLexity,hazed,CLG,FNS,CLG,valens,compLexity
25107,roca,compLexity,autimatic,compLexity,jdm64,CLG,sancz,compLexity,valens,compLexity,tarik,CLG,SEMPHIS,compLexity,FNS,CLG,hazed,CLG,reltuC,CLG
25178,hazed,CLG,jdm64,CLG,tarik,CLG,Skadoodle,Cloud9,reltuC,CLG,n0thing,Cloud9,FNS,CLG,shroud,Cloud9,seangares,Cloud9,freakazoid,Cloud9
25180,jdm64,CLG,nitr0,Liquid,FugLy,Liquid,adreN,Liquid,EliGE,Liquid,tarik,CLG,reltuC,CLG,Hiko,Liquid,FNS,CLG,hazed,CLG
25234,GuardiaN,Natus Vincere,jdm64,CLG,flamie,Natus Vincere,seized,Natus Vincere,Edward,Natus Vincere,tarik,CLG,Zeus,Natus Vincere,FNS,CLG,reltuC,CLG,hazed,CLG
25238,aizy,dignitas,FNS,CLG,jdm64,CLG,tarik,CLG,reltuC,CLG,Pimp,dignitas,Kjaerbye,dignitas,tenzki,dignitas,hazed,CLG,MSL,dignitas
25253,seized,Natus Vincere,hazed,CLG,Edward,Natus Vincere,jdm64,CLG,GuardiaN,Natus Vincere,flamie,Natus Vincere,Zeus,Natus Vincere,tarik,CLG,FNS,CLG,reltuC,CLG
25254,reltuC,CLG,GuardiaN,Natus Vincere,tarik,CLG,Zeus,Natus Vincere,jdm64,CLG,seized,Natus Vincere,Edward,Natus Vincere,FNS,CLG,hazed,CLG,flamie,Natus Vincere
25255,seized,Natus Vincere,tarik,CLG,GuardiaN,Natus Vincere,Zeus,Natus Vincere,flamie,Natus Vincere,FNS,CLG,Edward,Natus Vincere,jdm64,CLG,hazed,CLG,reltuC,CLG
25401,jdm64,CLG,tarik,CLG,adreN,Liquid,reltuC,CLG,Hiko,Liquid,FNS,CLG,nitr0,Liquid,FugLy,Liquid,hazed,CLG,EliGE,Liquid
25442,FNS,CLG,jdm64,CLG,hazed,CLG,reltuC,CLG,koosta,Enemy,tarik,CLG,MAiNLiNE,Enemy,Anomaly,Enemy,Relyks,Enemy,Uber,Enemy
25444,boltz,Luminosity,fer,Luminosity,FalleN,Luminosity,steel,Luminosity,jdm64,CLG,coldzera,Luminosity,reltuC,CLG,FNS,CLG,tarik,CLG,hazed,CLG
25503,tarik,CLG,shroud,Cloud9,hazed,CLG,Skadoodle,Cloud9,FNS,CLG,reltuC,CLG,seangares,Cloud9,n0thing,Cloud9,jdm64,CLG,freakazoid,Cloud9
25504,reltuC,CLG,hazed,CLG,jdm64,CLG,hades,SKDC,FGB,SKDC,FNS,CLG,tarik,CLG,els,SKDC,inVert,SKDC,OCEAN,SKDC
25505,SEMPHIS,compLexity,sancz,compLexity,autimatic,compLexity,roca,compLexity,valens,compLexity,hazed,CLG,jdm64,CLG,FNS,CLG,reltuC,CLG,tarik,CLG
25642,hazed,CLG,tarik,CLG,reltuC,CLG,FNS,CLG,MAiNLiNE,Enemy,Relyks,Enemy,Uber,Enemy,jdm64,CLG,koosta,Enemy,Anomaly,Enemy
25643,tarik,CLG,FNS,CLG,koosta,Enemy,hazed,CLG,jdm64,CLG,reltuC,CLG,MAiNLiNE,Enemy,Relyks,Enemy,Uber,Enemy,Anomaly,Enemy
25660,abE,3sUP,jdm64,CLG,wabbit,3sUP,tarik,CLG,reltuC,CLG,Professor_Chaos,3sUP,arya,3sUP,jasonR,3sUP,hazed,CLG,FNS,CLG
25666,FNS,CLG,steel,Luminosity,boltz,Luminosity,fer,Luminosity,FalleN,Luminosity,coldzera,Luminosity,reltuC,CLG,jdm64,CLG,hazed,CLG,tarik,CLG
25720,FNS,CLG,jdm64,CLG,reltuC,CLG,tarik,CLG,NAF-FLY,Conquest,stanislaw,Conquest,ShahZaM,Conquest,daps,Conquest,RUSH,Conquest,hazed,CLG
25725,NAF-FLY,Conquest,daps,Conquest,RUSH,Conquest,ShahZaM,Conquest,FNS,CLG,stanislaw,Conquest,jdm64,CLG,reltuC,CLG,tarik,CLG,hazed,CLG
25726,NAF-FLY,Conquest,daps,Conquest,stanislaw,Conquest,RUSH,Conquest,hazed,CLG,jdm64,CLG,tarik,CLG,reltuC,CLG,FNS,CLG,ShahZaM,Conquest
25781,jdm64,CLG,tarik,CLG,fnx,Games Academy,SHOOWTiME,Games Academy,lucas,Games Academy,hazed,CLG,reltuC,CLG,hen1,Games Academy,FNS,CLG,TACO,Games Academy
25782,hen1,Games Academy,hazed,CLG,reltuC,CLG,FNS,CLG,tarik,CLG,lucas,Games Academy,jdm64,CLG,fnx,Games Academy,TACO,Games Academy,SHOOWTiME,Games Academy
25810,SPUNJ,Renegades,tarik,CLG,AZR,Renegades,reltuC,CLG,jks,Renegades,yam,Renegades,Havoc,Renegades,FNS,CLG,jdm64,CLG,hazed,CLG
25812,tarik,CLG,FNS,CLG,hazed,CLG,jdm64,CLG,reltuC,CLG,flowsicK,Winterfox,desi,Winterfox,LeX,Winterfox,Xp3,Winterfox,anger,Winterfox
25813,reltuC,CLG,tarik,CLG,hazed,CLG,jdm64,CLG,FNS,CLG,SPUNJ,Renegades,jks,Renegades,AZR,Renegades,Havoc,Renegades,yam,Renegades
25848,adreN,Liquid,nitr0,Liquid,EliGE,Liquid,Hiko,Liquid,FNS,CLG,FugLy,Liquid,reltuC,CLG,hazed,CLG,jdm64,CLG,tarik,CLG
25849,nitr0,Liquid,Hiko,Liquid,FugLy,Liquid,hazed,CLG,jdm64,CLG,EliGE,Liquid,tarik,CLG,FNS,CLG,reltuC,CLG,adreN,Liquid
25868,jks,Renegades,AZR,Renegades,hazed,CLG,reltuC,CLG,Havoc,Renegades,SPUNJ,Renegades,yam,Renegades,jdm64,CLG,tarik,CLG,FNS,CLG
25869,koosta,Enemy,Relyks,Enemy,MAiNLiNE,Enemy,Uber,Enemy,Anomaly,Enemy,reltuC,CLG,FNS,CLG,jdm64,CLG,hazed,CLG,tarik,CLG
25872,jdm64,CLG,hazed,CLG,FNS,CLG,tarik,CLG,glorinsz,Nexus,reltuC,CLG,miKnutty,Nexus,emode,Nexus,HandleD,Nexus,Wade,Nexus
26116,hazed,CLG,reltuC,CLG,tarik,CLG,Xp3,Winterfox,LeX,Winterfox,desi,Winterfox,FNS,CLG,jdm64,CLG,anger,Winterfox,flowsicK,Winterfox
26122,stanislaw,Conquest,tarik,CLG,ShahZaM,Conquest,reltuC,CLG,FNS,CLG,hazed,CLG,NAF-FLY,Conquest,daps,Conquest,RUSH,Conquest,jdm64,CLG
26191,jkaem,G2,Maikelele,G2,rain,G2,tarik,CLG,aizy,G2,FNS,CLG,fox,G2,reltuC,CLG,hazed,CLG,jdm64,CLG
26501,FNS,CLG,sancz,compLexity,jdm64,CLG,tarik,CLG,reltuC,CLG,autimatic,compLexity,SEMPHIS,compLexity,hazed,CLG,roca,compLexity,Warden,compLexity
26503,jdm64,CLG,autimatic,compLexity,sancz,compLexity,hazed,CLG,FNS,CLG,tarik,CLG,SEMPHIS,compLexity,Warden,compLexity,roca,compLexity,reltuC,CLG
26504,autimatic,compLexity,roca,compLexity,SEMPHIS,compLexity,hazed,CLG,sancz,compLexity,Warden,compLexity,tarik,CLG,jdm64,CLG,reltuC,CLG,FNS,CLG
26544,rooRoooo,Splyce,reltuC,CLG,hazed,CLG,tarik,CLG,Stewie2K,Splyce,ptr,Splyce,Slemmy,Splyce,aKis,Splyce,FNS,CLG,jdm64,CLG
26545,rooRoooo,Splyce,reltuC,CLG,jdm64,CLG,hazed,CLG,aKis,Splyce,ptr,Splyce,Stewie2K,Splyce,tarik,CLG,Slemmy,Splyce,FNS,CLG
26558,device,?,Xyp9x,?,hazed,CLG,karrigan,?,jdm64,CLG,dupreeh,?,cajunb,?,reltuC,CLG,FNS,CLG,tarik,CLG
26559,device,?,Xyp9x,?,dupreeh,?,tarik,CLG,cajunb,?,reltuC,CLG,jdm64,CLG,karrigan,?,hazed,CLG,FNS,CLG
26674,fnx,Luminosity,coldzera,Luminosity,FalleN,Luminosity,hazed,CLG,reltuC,CLG,fer,Luminosity,FNS,CLG,tarik,CLG,jdm64,CLG,TACO,Luminosity
26675,jdm64,CLG,hazed,CLG,coldzera,Luminosity,fer,Luminosity,FalleN,Luminosity,reltuC,CLG,fnx,Luminosity,TACO,Luminosity,FNS,CLG,tarik,CLG
27101,ptr,Splyce,Stewie2K,Splyce,reltuC,CLG,aKis,Splyce,Slemmy,Splyce,rooRoooo,Splyce,tarik,CLG,hazed,CLG,jdm64,CLG,pita,CLG
27102,rooRoooo,Splyce,Stewie2K,Splyce,aKis,Splyce,ptr,Splyce,jdm64,CLG,hazed,CLG,reltuC,CLG,tarik,CLG,pita,CLG,Slemmy,Splyce
27105,hazed,CLG,tarik,CLG,jdm64,CLG,reltuC,CLG,pita,CLG,XpLiCiT,Hidden Potential,Demonic,Hidden Potential,nuisance,Hidden Potential,zoidie,Hidden Potential,tribaL,Hidden Potential
27106,jdm64,CLG,hazed,CLG,tarik,CLG,reltuC,CLG,nuisance,Hidden Potential,XpLiCiT,Hidden Potential,pita,CLG,tribaL,Hidden Potential,zoidie,Hidden Potential,Demonic,Hidden Potential
27141,tarik,CLG,yay,VeloX,Brehze,VeloX,Hellbean,VeloX,pita,CLG,reltuC,CLG,jdm64,CLG,Jdwede,VeloX,hazed,CLG,BARRAGE,VeloX
27142,jdm64,CLG,tarik,CLG,hazed,CLG,pita,CLG,reltuC,CLG,Brehze,VeloX,Hellbean,VeloX,BARRAGE,VeloX,Jdwede,VeloX,yay,VeloX
27143,tarik,CLG,hazed,CLG,Brehze,VeloX,jdm64,CLG,reltuC,CLG,pita,CLG,yay,VeloX,Hellbean,VeloX,BARRAGE,VeloX,Jdwede,VeloX
27324,reltuC,CLG,tarik,CLG,jdm64,CLG,LILMAN,CLG,FNS,CLG,jasonR,3sUP,Professor_Chaos,3sUP,abE,3sUP,arya,3sUP,wabbit,3sUP
27326,jdm64,CLG,feNeK,ACE,reltuC,CLG,LILMAN,CLG,tarik,CLG,emode,ACE,FNS,CLG,HitmaN,ACE,glorinsz,ACE,miKnutty,ACE
27328,tarik,CLG,FNS,CLG,jdm64,CLG,Uber,Nexus,sYnceD,Nexus,reltuC,CLG,LILMAN,CLG,dsr,Nexus,rob-wiz,Nexus,APE,Nexus
27336,Stewie2K,Splyce,jdm64,CLG,rooRoooo,Splyce,tarik,CLG,LILMAN,CLG,ptr,Splyce,aKis,Splyce,reltuC,CLG,Slemmy,Splyce,FNS,CLG
27337,FNS,CLG,jdm64,CLG,tarik,CLG,reltuC,CLG,ptr,Splyce,LILMAN,CLG,aKis,Splyce,rooRoooo,Splyce,Slemmy,Splyce,Stewie2K,Splyce
27338,aKis,Splyce,FNS,CLG,tarik,CLG,ptr,Splyce,jdm64,CLG,reltuC,CLG,LILMAN,CLG,rooRoooo,Splyce,Stewie2K,Splyce,Slemmy,Splyce
27344,jdm64,CLG,FNS,CLG,tarik,CLG,hazed,CLG,reltuC,CLG,roca,compLexity,SEMPHIS,compLexity,autimatic,compLexity,Warden,compLexity,sancz,compLexity
27761,jdm64,CLG,hazed,CLG,kennyS,EnVyUs,tarik,CLG,Happy,EnVyUs,reltuC,CLG,FugLy,CLG,NBK-,EnVyUs,apEX,EnVyUs,kioShiMa,EnVyUs
27762,apEX,EnVyUs,kennyS,EnVyUs,jdm64,CLG,Happy,EnVyUs,kioShiMa,EnVyUs,NBK-,EnVyUs,hazed,CLG,tarik,CLG,FugLy,CLG,reltuC,CLG
27768,WorldEdit,FlipSid3,tarik,CLG,FugLy,CLG,bondik,FlipSid3,Shara,FlipSid3,hazed,CLG,jdm64,CLG,reltuC,CLG,markeloff,FlipSid3,B1ad3,FlipSid3
27769,FugLy,CLG,tarik,CLG,hazed,CLG,reltuC,CLG,jdm64,CLG,Shara,FlipSid3,markeloff,FlipSid3,WorldEdit,FlipSid3,B1ad3,FlipSid3,bondik,FlipSid3
27770,reltuC,CLG,tarik,CLG,FugLy,CLG,NBK-,EnVyUs,jdm64,CLG,kennyS,EnVyUs,hazed,CLG,kioShiMa,EnVyUs,Happy,EnVyUs,apEX,EnVyUs
27771,Happy,EnVyUs,kennyS,EnVyUs,kioShiMa,EnVyUs,apEX,EnVyUs,FugLy,CLG,NBK-,EnVyUs,jdm64,CLG,tarik,CLG,hazed,CLG,reltuC,CLG
27772,NBK-,EnVyUs,Happy,EnVyUs,kennyS,EnVyUs,kioShiMa,EnVyUs,apEX,EnVyUs,tarik,CLG,FugLy,CLG,reltuC,CLG,hazed,CLG,jdm64,CLG
27781,apEX,EnVyUs,jdm64,CLG,kioShiMa,EnVyUs,NBK-,EnVyUs,kennyS,EnVyUs,tarik,CLG,hazed,CLG,reltuC,CLG,Happy,EnVyUs,FugLy,CLG
27809,reltuC,CLG,shox,G2,SmithZz,G2,jdm64,CLG,ScreaM,G2,FugLy,CLG,RpK,G2,hazed,CLG,Ex6TenZ,G2,tarik,CLG
27819,ScreaM,G2,SmithZz,G2,Ex6TenZ,G2,jdm64,CLG,shox,G2,tarik,CLG,RpK,G2,reltuC,CLG,FugLy,CLG,hazed,CLG
27825,hazed,CLG,reltuC,CLG,jdm64,CLG,Ex6TenZ,G2,FugLy,CLG,ScreaM,G2,tarik,CLG,SmithZz,G2,shox,G2,RpK,G2
27837,k0nfig,dignitas,Kjaerbye,dignitas,MSL,dignitas,jdm64,CLG,RUBINO,dignitas,tenzki,dignitas,reltuC,CLG,hazed,CLG,tarik,CLG,FugLy,CLG
27849,Xyp9x,Astralis,dupreeh,Astralis,cajunb,Astralis,device,Astralis,karrigan,Astralis,reltuC,CLG,hazed,CLG,jdm64,CLG,FugLy,CLG,tarik,CLG
27852,device,Astralis,cajunb,Astralis,dupreeh,Astralis,karrigan,Astralis,Xyp9x,Astralis,tarik,CLG,reltuC,CLG,hazed,CLG,FugLy,CLG,jdm64,CLG
27856,RUBINO,dignitas,FugLy,CLG,k0nfig,dignitas,tenzki,dignitas,jdm64,CLG,reltuC,CLG,Kjaerbye,dignitas,tarik,CLG,hazed,CLG,MSL,dignitas
27889,jdm64,CLG,Skadoodle,Cloud9,n0thing,Cloud9,reltuC,CLG,Stewie2K,Cloud9,FugLy,CLG,tarik,CLG,hazed,CLG,freakazoid,Cloud9,shroud,Cloud9
27890,shroud,Cloud9,Skadoodle,Cloud9,Stewie2K,Cloud9,freakazoid,Cloud9,n0thing,Cloud9,reltuC,CLG,tarik,CLG,FugLy,CLG,jdm64,CLG,hazed,CLG
27928,hazed,CLG,reltuC,CLG,FugLy,CLG,tarik,CLG,jdm64,CLG,emong,Potato Streamers,fl0m,Potato Streamers,shaffeR,Potato Streamers,summit,Potato Streamers,hades,Potato Streamers
27938,FugLy,CLG,tarik,CLG,Logan,Mild,reltuC,CLG,hazed,CLG,Heeli,Mild,jdm64,CLG,Maple,Mild,Lopez,Mild,DutcH,Mild
27939,jdm64,CLG,FugLy,CLG,hazed,CLG,tarik,CLG,reltuC,CLG,Logan,Mild,Heeli,Mild,Maple,Mild,Lopez,Mild,DutcH,Mild
27957,felps,Tempo Storm,boltz,Tempo Storm,SHOOWTiME,Tempo Storm,lucas,Tempo Storm,tarik,CLG,hen1,Tempo Storm,reltuC,CLG,jdm64,CLG,hazed,CLG,FugLy,CLG
27958,boltz,Tempo Storm,felps,Tempo Storm,hen1,Tempo Storm,tarik,CLG,lucas,Tempo Storm,reltuC,CLG,hazed,CLG,jdm64,CLG,FugLy,CLG,SHOOWTiME,Tempo Storm
27986,USTILO,Renegades,yam,Renegades,AZR,Renegades,SPUNJ,Renegades,FugLy,CLG,jks,Renegades,hazed,CLG,reltuC,CLG,jdm64,CLG,tarik,CLG
27987,SPUNJ,Renegades,jks,Renegades,AZR,Renegades,yam,Renegades,USTILO,Renegades,FugLy,CLG,jdm64,CLG,hazed,CLG,reltuC,CLG,tarik,CLG
28126,reltuC,CLG,tarik,CLG,FugLy,CLG,jdm64,CLG,hazed,CLG,SkyShark,Just Make it Fast,Rarkar,Just Make it Fast,Pollo,Just Make it Fast,daMteG,Just Make it Fast,zecK,Just Make it Fast
28129,hazed,CLG,jdm64,CLG,tarik,CLG,daMteG,Just Make it Fast,FugLy,CLG,reltuC,CLG,zecK,Just Make it Fast,Rarkar,Just Make it Fast,Pollo,Just Make it Fast,SkyShark,Just Make it Fast
28142,rooRoooo,AGG,jdm64,CLG,tarik,CLG,Twistzz,AGG,reltuC,CLG,hazed,CLG,inVert,AGG,FugLy,CLG,els,AGG,OCEAN,AGG
28143,FugLy,CLG,reltuC,CLG,jdm64,CLG,tarik,CLG,hazed,CLG,Twistzz,AGG,els,AGG,rooRoooo,AGG,OCEAN,AGG,inVert,AGG
28151,EliGE,Liquid,s1mple,Liquid,koosta,Liquid,Hiko,Liquid,nitr0,Liquid,jdm64,CLG,reltuC,CLG,tarik,CLG,FugLy,CLG,hazed,CLG
28152,nitr0,Liquid,Hiko,Liquid,EliGE,Liquid,koosta,Liquid,s1mple,Liquid,hazed,CLG,reltuC,CLG,tarik,CLG,FugLy,CLG,jdm64,CLG
28166,jdm64,CLG,freakazoid,Cloud9,hazed,CLG,reltuC,CLG,Stewie2K,Cloud9,tarik,CLG,shroud,Cloud9,Skadoodle,Cloud9,FugLy,CLG,n0thing,Cloud9
28167,tarik,CLG,FugLy,CLG,reltuC,CLG,jdm64,CLG,hazed,CLG,shroud,Cloud9,n0thing,Cloud9,Stewie2K,Cloud9,freakazoid,Cloud9,Skadoodle,Cloud9
28282,tarik,CLG,Uber,Selfless,MAiNLiNE,Selfless,Nifty,Selfless,reltuC,CLG,FugLy,CLG,jdm64,CLG,hazed,CLG,Lucky,Selfless,Relyks,Selfless
28283,Uber,Selfless,Nifty,Selfless,Lucky,Selfless,tarik,CLG,Relyks,Selfless,MAiNLiNE,Selfless,reltuC,CLG,FugLy,CLG,jdm64,CLG,hazed,CLG
28288,jdm64,CLG,reltuC,CLG,hazed,CLG,FugLy,CLG,tarik,CLG,Chuti,QuetzaL,SecretAgent,QuetzaL,k1Nky,QuetzaL,spaydeR,QuetzaL,v1ko,QuetzaL
28289,FugLy,CLG,hazed,CLG,jdm64,CLG,reltuC,CLG,v1ko,QuetzaL,tarik,CLG,k1Nky,QuetzaL,spaydeR,QuetzaL,SecretAgent,QuetzaL,Chuti,QuetzaL
28330,reltuC,CLG,arya,Splyce,DAVEY,Splyce,FugLy,CLG,jasonR,Splyce,tarik,CLG,abE,Splyce,Professor_Chaos,Splyce,hazed,CLG,jdm64,CLG
28350,tarik,CLG,Pimp,SK,reltuC,CLG,FugLy,CLG,Magiskb0Y,SK,MODDII,SK,jdm64,CLG,Friis,SK,AcilioN,SK,hazed,CLG
28372,tarik,CLG,reltuC,CLG,hazed,CLG,Furlan,Vexed,rallen,Vexed,GruBy,Vexed,oskarish,Vexed,jdm64,CLG,FugLy,CLG,repo,Vexed
28373,repo,Vexed,GruBy,Vexed,rallen,Vexed,oskarish,Vexed,tarik,CLG,jdm64,CLG,Furlan,Vexed,reltuC,CLG,hazed,CLG,FugLy,CLG
28379,rallen,Vexed,tarik,CLG,jdm64,CLG,oskarish,Vexed,GruBy,Vexed,hazed,CLG,FugLy,CLG,reltuC,CLG,repo,Vexed,Furlan,Vexed
28414,FugLy,CLG,tarik,CLG,hazed,CLG,ptr,NRG,LEGIJA,NRG,gob b,NRG,just9n,NRG,jdm64,CLG,SileNt3m,NRG,reltuC,CLG
28415,ptr,NRG,jdm64,CLG,LEGIJA,NRG,FugLy,CLG,SileNt3m,NRG,tarik,CLG,reltuC,CLG,gob b,NRG,just9n,NRG,hazed,CLG
28416,ptr,NRG,just9n,NRG,FugLy,CLG,gob b,NRG,LEGIJA,NRG,tarik,CLG,SileNt3m,NRG,jdm64,CLG,reltuC,CLG,hazed,CLG
28902,tarik,CLG,FugLy,CLG,jdm64,CLG,reltuC,CLG,Char,Noble,cutlazz,Noble,hazed,CLG,joshbM,Noble,flashstep,Noble,virtus,Noble
28903,tarik,CLG,reltuC,CLG,FugLy,CLG,jdm64,CLG,hazed,CLG,joshbM,Noble,cutlazz,Noble,Char,Noble,virtus,Noble,flashstep,Noble
28986,hazed,CLG,FugLy,CLG,reltuC,CLG,jdm64,CLG,roca,compLexity,sancz,compLexity,tarik,CLG,shinobi,compLexity,dephh,compLexity,witmer,compLexity
28997,hazed,CLG,rooRoooo,KKona,jdm64,CLG,tarik,CLG,reltuC,CLG,FugLy,CLG,Twistzz,KKona,inVert,KKona,els,KKona,OCEAN,KKona
28998,hazed,CLG,Twistzz,KKona,inVert,KKona,tarik,CLG,reltuC,CLG,OCEAN,KKona,FugLy,CLG,rooRoooo,KKona,els,KKona,jdm64,CLG
